{"cameraMode":{"drawMode":0,"name":"Shaded","section":"Shading Mode"},"sceneLighting":true,"audioPlay":false,"sceneViewState":{"m_AlwaysRefresh":false,"showFog":true,"showSkybox":true,"showFlares":true,"showImageEffects":true,"showParticleSystems":true,"showVisualEffectGraphs":true,"m_FxEnabled":true},"in2DMode":false,"pivot":{"x":-19.649520874023439,"y":6.631443500518799,"z":0.7130670547485352},"rotation":{"x":-0.22760100662708283,"y":-0.41931745409965517,"z":0.10944334417581558,"w":-0.8720133900642395},"size":1.430898666381836,"orthographic":false}