{"cameraMode":{"drawMode":0,"name":"Shaded","section":"Shading Mode"},"sceneLighting":true,"audioPlay":false,"sceneViewState":{"m_AlwaysRefresh":false,"showFog":true,"showSkybox":true,"showFlares":true,"showImageEffects":true,"showParticleSystems":true,"showVisualEffectGraphs":true,"m_FxEnabled":true},"in2DMode":false,"pivot":{"x":2.9135851860046388,"y":-7.220487594604492,"z":-8.074596405029297},"rotation":{"x":-0.006031318102031946,"y":-0.9028379321098328,"z":0.4298008978366852,"w":-0.012719270773231984},"size":11.642651557922364,"orthographic":false}