{"cameraMode":{"drawMode":0,"name":"Shaded","section":"Shading Mode"},"sceneLighting":true,"audioPlay":false,"sceneViewState":{"m_AlwaysRefresh":false,"showFog":true,"showSkybox":true,"showFlares":true,"showImageEffects":true,"showParticleSystems":true,"showVisualEffectGraphs":true,"m_FxEnabled":true},"in2DMode":false,"pivot":{"x":-1.8898835182189942,"y":1.1092344522476197,"z":0.3520837128162384},"rotation":{"x":0.31253811717033389,"y":-0.6311067938804627,"z":0.30884480476379397,"w":0.6396252512931824},"size":0.7071067690849304,"orthographic":false}