{"cameraMode":{"drawMode":0,"name":"Shaded","section":"Shading Mode"},"sceneLighting":true,"audioPlay":false,"sceneViewState":{"m_AlwaysRefresh":false,"showFog":true,"showSkybox":true,"showFlares":true,"showImageEffects":true,"showParticleSystems":true,"showVisualEffectGraphs":true,"m_FxEnabled":true},"in2DMode":false,"pivot":{"x":-1.2716609239578248,"y":1.3171221017837525,"z":1.2194569110870362},"rotation":{"x":-0.03061796724796295,"y":-0.9433450102806091,"z":0.09116096049547196,"w":-0.31768175959587099},"size":1.330579161643982,"orthographic":false}