{"cameraMode":{"drawMode":0,"name":"Shaded","section":"Shading Mode"},"sceneLighting":true,"audioPlay":false,"sceneViewState":{"m_AlwaysRefresh":false,"showFog":true,"showSkybox":true,"showFlares":true,"showImageEffects":true,"showParticleSystems":true,"showVisualEffectGraphs":true,"m_FxEnabled":true},"in2DMode":false,"pivot":{"x":0.4062735438346863,"y":1.625422477722168,"z":-2.165086507797241},"rotation":{"x":-0.06391021609306336,"y":0.16154153645038606,"z":-0.010484188795089722,"w":-0.9847389459609985},"size":1.0411763191223145,"orthographic":false}