{"cameraMode":{"drawMode":0,"name":"Shaded","section":"Shading Mode"},"sceneLighting":true,"audioPlay":false,"sceneViewState":{"m_AlwaysRefresh":false,"showFog":true,"showSkybox":true,"showFlares":true,"showImageEffects":true,"showParticleSystems":true,"showVisualEffectGraphs":true,"m_FxEnabled":true},"in2DMode":false,"pivot":{"x":0.14711856842041017,"y":2.4290223121643068,"z":2.4293909072875978},"rotation":{"x":-0.007685835473239422,"y":0.9714542627334595,"z":-0.23496286571025849,"w":-0.03177720680832863},"size":3.6660540103912355,"orthographic":false}