{"cameraMode":{"drawMode":0,"name":"Shaded","section":"Shading Mode"},"sceneLighting":false,"audioPlay":false,"sceneViewState":{"m_AlwaysRefresh":false,"showFog":true,"showSkybox":false,"showFlares":true,"showImageEffects":true,"showParticleSystems":true,"showVisualEffectGraphs":true,"m_FxEnabled":true},"in2DMode":false,"pivot":{"x":0.7640688419342041,"y":1.2523250579833985,"z":-1.2907907962799073},"rotation":{"x":-0.22760100662708283,"y":-0.41931745409965517,"z":0.10944334417581558,"w":-0.8720133900642395},"size":2.7053802013397219,"orthographic":false}